<modification>
	<name>订单快递单号及查询</name>
	<code>mcc_express</code>
	<author>杨兆锋</author>
	<link>http://www.mycncart.com</link>
	<version>1.0.0</version>
	
	<file path="admin/controller/common/menu.php">
		<operation error="skip">
			<search><![CDATA[$data['zone']]]></search>
			<add position="after"><![CDATA[
				$data['express_company'] = $this->url->link('others/express_company', 'token=' . $this->session->data['token'], 'SSL');
			]]></add>
		</operation>
		
		<operation error="skip">
			<search><![CDATA[$data['text_zone']]]></search>
			<add position="after"><![CDATA[
				$data['text_express_company'] = $this->language->get('text_express_company');
			]]></add>
		</operation>
	</file>
	
	<file path="admin/language/english/common/menu.php">
		<operation error="skip">
			<search><![CDATA[$_['text_zone']]]></search>
			<add position="after"><![CDATA[
				$_['text_express_company']              = 'Express Companies';
			]]></add>
		</operation>
	</file>
	
	<file path="admin/language/zh-CN/common/menu.php">
		<operation error="skip">
			<search><![CDATA[$_['text_zone']]]></search>
			<add position="after"><![CDATA[
				$_['text_express_company']              = '快递公司';
			]]></add>
		</operation>
	</file>
	
	<file path="admin/language/zh-HK/common/menu.php">
		<operation error="skip">
			<search><![CDATA[$_['text_zone']]]></search>
			<add position="after"><![CDATA[
				$_['text_express_company']              = '快遞公司';
			]]></add>
		</operation>
	</file>
	
	<file path="admin/view/template/common/menu.tpl">
		<operation error="skip">
			<search><![CDATA[<li id="others">]]></search>
			<add position="after"><![CDATA[
				<ul>
				  <li><a class="parent"><?php echo $text_express; ?></a>
					<ul>
					  <li><a href="<?php echo $express_company; ?>"><?php echo $text_express_company; ?></a></li>
					</ul>
				  </li>
				  
				</ul>
				]]></add>
		</operation>
	</file>
	
	<file path="admin/controller/sale/order.php">
		
		<operation error="skip">
			<search><![CDATA[public function api() {]]></search>
			<add position="before"><![CDATA[
				public function express() {
		$this->load->language('sale/order');

		$this->document->setTitle($this->language->get('heading_title'));

		$this->load->model('sale/order');

		if (($this->request->server['REQUEST_METHOD'] == 'POST') && $this->validateExpressForm()) {
			$this->model_sale_order->editOrderExpress($this->request->get['order_id'], $this->request->post);

			$this->session->data['success'] = $this->language->get('text_success');

			$url = '';

			if (isset($this->request->get['filter_order_id'])) {
				$url .= '&filter_order_id=' . $this->request->get['filter_order_id'];
			}

			if (isset($this->request->get['filter_customer'])) {
				$url .= '&filter_customer=' . urlencode(html_entity_decode($this->request->get['filter_customer'], ENT_QUOTES, 'UTF-8'));
			}

			if (isset($this->request->get['filter_order_status'])) {
				$url .= '&filter_order_status=' . $this->request->get['filter_order_status'];
			}

			if (isset($this->request->get['filter_total'])) {
				$url .= '&filter_total=' . $this->request->get['filter_total'];
			}

			if (isset($this->request->get['filter_date_added'])) {
				$url .= '&filter_date_added=' . $this->request->get['filter_date_added'];
			}

			if (isset($this->request->get['filter_date_modified'])) {
				$url .= '&filter_date_modified=' . $this->request->get['filter_date_modified'];
			}

			if (isset($this->request->get['sort'])) {
				$url .= '&sort=' . $this->request->get['sort'];
			}

			if (isset($this->request->get['order'])) {
				$url .= '&order=' . $this->request->get['order'];
			}

			if (isset($this->request->get['page'])) {
				$url .= '&page=' . $this->request->get['page'];
			}

			$this->response->redirect($this->url->link('sale/order', 'token=' . $this->session->data['token'] . $url, 'SSL'));
		}
		
		$this->getExpressForm();
	}
	
	public function getExpressForm() {

		$data['heading_title'] = $this->language->get('heading_title');
		
		$data['text_form'] = $this->language->get('text_edit_express');
		$data['text_select'] = $this->language->get('text_select');

		$data['entry_express_company'] = $this->language->get('entry_express_company');
		$data['entry_express_no'] = $this->language->get('entry_express_no');
		
		$data['button_save'] = $this->language->get('button_save');
		$data['button_cancel'] = $this->language->get('button_cancel');
		$data['button_continue'] = $this->language->get('button_continue');
		$data['button_back'] = $this->language->get('button_back');

		$data['tab_general'] = $this->language->get('tab_general');

		$data['token'] = $this->session->data['token'];

		if (isset($this->error['express_company'])) {
			$data['error_express_company'] = $this->error['express_company'];
		} else {
			$data['error_express_company'] = '';
		}

		if (isset($this->error['express_no'])) {
			$data['error_express_no'] = $this->error['express_no'];
		} else {
			$data['error_express_no'] = '';
		}

		$url = '';

		if (isset($this->request->get['filter_order_id'])) {
			$url .= '&filter_order_id=' . $this->request->get['filter_order_id'];
		}

		if (isset($this->request->get['filter_customer'])) {
			$url .= '&filter_customer=' . urlencode(html_entity_decode($this->request->get['filter_customer'], ENT_QUOTES, 'UTF-8'));
		}

		if (isset($this->request->get['filter_order_status'])) {
			$url .= '&filter_order_status=' . $this->request->get['filter_order_status'];
		}

		if (isset($this->request->get['filter_total'])) {
			$url .= '&filter_total=' . $this->request->get['filter_total'];
		}

		if (isset($this->request->get['filter_date_added'])) {
			$url .= '&filter_date_added=' . $this->request->get['filter_date_added'];
		}

		if (isset($this->request->get['filter_date_modified'])) {
			$url .= '&filter_date_modified=' . $this->request->get['filter_date_modified'];
		}

		if (isset($this->request->get['sort'])) {
			$url .= '&sort=' . $this->request->get['sort'];
		}

		if (isset($this->request->get['order'])) {
			$url .= '&order=' . $this->request->get['order'];
		}

		if (isset($this->request->get['page'])) {
			$url .= '&page=' . $this->request->get['page'];
		}

		$data['breadcrumbs'] = array();

		$data['breadcrumbs'][] = array(
			'text' => $this->language->get('text_home'),
			'href' => $this->url->link('common/dashboard', 'token=' . $this->session->data['token'], 'SSL')
		);

		$data['breadcrumbs'][] = array(
			'text' => $this->language->get('heading_title'),
			'href' => $this->url->link('sale/order', 'token=' . $this->session->data['token'] . $url, 'SSL')
		);

		$data['action'] = $this->url->link('sale/order/express', 'token=' . $this->session->data['token'] . '&order_id=' . $this->request->get['order_id'] . $url, 'SSL');

		$data['cancel'] = $this->url->link('sale/order', 'token=' . $this->session->data['token'] . $url, 'SSL');

		if (isset($this->request->get['order_id']) && ($this->request->server['REQUEST_METHOD'] != 'POST')) {
			$order_info = $this->model_sale_order->getOrder($this->request->get['order_id']);
		}

		
		if (isset($this->request->post['express_company_id'])) {
			$data['express_company_id'] = $this->request->post['express_company_id'];
		}  elseif (!empty($order_info)) {
			$data['express_company_id'] = $order_info['express_company_id'];
		} else {
			$data['express_company_id'] = '';
		}

		if (isset($this->request->post['express_no'])) {
			$data['express_no'] = $this->request->post['express_no'];
		} elseif (!empty($order_info)) {
			$data['express_no'] = $order_info['express_no'];
		} else {
			$data['express_no'] = '';
		}
		
		$this->load->model('others/express_company');

		$data['express_companies'] = $this->model_others_express_company->getExpressCompanies();

		$data['header'] = $this->load->controller('common/header');
		$data['column_left'] = $this->load->controller('common/column_left');
		$data['footer'] = $this->load->controller('common/footer');

		$this->response->setOutput($this->load->view('sale/order_express.tpl', $data));
	
		
	}
	
	protected function validateExpressForm() {

		if ($this->request->post['express_company_id'] == '') {
			$this->error['express_company'] = $this->language->get('error_express_company');
		}
		
		if (trim($this->request->post['express_no']) == '') {
			$this->error['express_no'] = $this->language->get('error_express_no');
		}

		return !$this->error;
	}
	
	
			]]></add>
		</operation>
		
		<operation error="skip">
			<search><![CDATA[$data['button_view']]]></search>
			<add position="after"><![CDATA[
				$data['button_express'] = $this->language->get('button_express');
			]]></add>
		</operation>
		
	</file>
	
	<file path="admin/model/sale/order.php">
		<operation error="skip">
			<search><![CDATA[public function getTotalEmailsByProductsOrdered($products) {]]></search>
			<add position="before"><![CDATA[
				public function editOrderExpress($order_id, $data = array()) {
					$query = $this->db->query("UPDATE `" . DB_PREFIX . "order` SET express_company_id = '" . (int)$data['express_company_id'] . "', express_no = '" . $this->db->escape($data['express_no']). "' WHERE order_id = '" . (int)$order_id . "'");
			
				}
			]]></add>
		</operation>
	</file>
	
	<file path="admin/language/english/sale/order.php">
		<operation error="skip">
			<search><![CDATA[text_history]]></search>
			<add position="after"><![CDATA[
				$_['text_edit_express']                     = 'Edit Order Express Info';
			]]></add>
		</operation>
		
		<operation error="skip">
			<search><![CDATA[entry_date_modified]]></search>
			<add position="after"><![CDATA[
				$_['entry_express_company']                    = 'Express Company';
				$_['entry_express_no']                     = 'Express Number';
			]]></add>
		</operation>
		
		<operation error="skip">
			<search><![CDATA[error_warning]]></search>
			<add position="after"><![CDATA[
				$_['error_express_company']                    = 'Express Company required!';
				$_['error_express_no']                     = 'Express Number required!';
			]]></add>
		</operation>
	</file>
	
	<file path="admin/language/zh-CN/sale/order.php">
		<operation error="skip">
			<search><![CDATA[text_history]]></search>
			<add position="after"><![CDATA[
				$_['text_edit_express']                     = '编辑订单快递信息';
			]]></add>
		</operation>
		
		<operation error="skip">
			<search><![CDATA[entry_date_modified]]></search>
			<add position="after"><![CDATA[
				$_['entry_express_company']                    = '快递公司';
				$_['entry_express_no']                     = '快递单号';
			]]></add>
		</operation>
		
		<operation error="skip">
			<search><![CDATA[error_warning]]></search>
			<add position="after"><![CDATA[
				$_['error_express_company']                    = '快递公司必选！';
				$_['error_express_no']                     = '快递单号必填！';
			]]></add>
		</operation>
	</file>
	
	<file path="admin/language/zh-HK/sale/order.php">
		<operation error="skip">
			<search><![CDATA[text_history]]></search>
			<add position="after"><![CDATA[
				$_['text_edit_express']                     = '編輯訂單快遞信息';
			]]></add>
		</operation>
		
		<operation error="skip">
			<search><![CDATA[entry_date_modified]]></search>
			<add position="after"><![CDATA[
				$_['entry_express_company']                    = '快遞公司';
				$_['entry_express_no']                     = '快遞單號';
			]]></add>
		</operation>
		
		<operation error="skip">
			<search><![CDATA[error_warning]]></search>
			<add position="after"><![CDATA[
				$_['error_express_company']                    = '快遞公司必選！';
				$_['error_express_no']                     = '快遞單號必填！';
			]]></add>
		</operation>
	</file>
	
	<file path="admin/language/english/default.php">
		<operation error="skip">
			<search><![CDATA[button_currency]]></search>
			<add position="after"><![CDATA[
				$_['button_express']              		  = 'Edit Express Info';
			]]></add>
		</operation>
		
	</file>
	
	<file path="admin/language/zh-CN/default.php">
		<operation error="skip">
			<search><![CDATA[button_currency]]></search>
			<add position="after"><![CDATA[
				$_['button_express']              		  = '编辑快递信息';
			]]></add>
		</operation>
		
	</file>
	
	<file path="admin/language/zh-HK/default.php">
		<operation error="skip">
			<search><![CDATA[button_currency]]></search>
			<add position="after"><![CDATA[
				$_['button_express']              		  = '編輯快遞信息';
			]]></add>
		</operation>
		
	</file>
	
	<file path="admin/model/sale/order.php">
		<operation error="skip">
			<search><![CDATA[$order_query->row['email'],]]></search>
			<add position="after"><![CDATA[
				'express_company_id'       => $order_query->row['express_company_id'],
				'express_no'           => $order_query->row['express_no'],
			]]></add>
		</operation>
		
	</file>
	
	<file path="admin/controller/sale/order.php">
		<operation error="skip">
			<search><![CDATA[$this->url->link('sale/order/info', 'token=' . $this->session->data['token'] . '&order_id=' . $result['order_id'] . $url, 'SSL')]]></search>
			<add position="after"><![CDATA[
				'express'     => $this->url->link('sale/order/express', 'token=' . $this->session->data['token'] . '&order_id=' . $result['order_id'] . $url, 'SSL'),
			]]></add>
		</operation>
		
	</file>
	
	<file path="admin/view/template/sale/order_list.tpl">
		<operation error="skip">
			<search><![CDATA[<td class="text-right"><a href="<?php echo $order['view']; ?>" data-toggle="tooltip" title="<?php echo $button_view; ?>" class="btn btn-info"><i class="fa fa-eye"></i></a> <a href="<?php echo $order['edit']; ?>" data-toggle="tooltip" title="<?php echo $button_edit; ?>" class="btn btn-primary"><i class="fa fa-pencil"></i></a> <a href="<?php echo $order['delete']; ?>" id="button-delete<?php echo $order['order_id']; ?>" data-toggle="tooltip" title="<?php echo $button_delete; ?>" class="btn btn-danger"><i class="fa fa-trash-o"></i></a></td>]]></search>
			<add position="replace"><![CDATA[
				<td class="text-right"><a href="<?php echo $order['view']; ?>" data-toggle="tooltip" title="<?php echo $button_view; ?>" class="btn btn-info"><i class="fa fa-eye"></i></a> <a href="<?php echo $order['express']; ?>" data-toggle="tooltip" title="<?php echo $button_express; ?>" class="btn btn-info"><i class="fa fa-truck"></i></a> <a href="<?php echo $order['edit']; ?>" data-toggle="tooltip" title="<?php echo $button_edit; ?>" class="btn btn-primary"><i class="fa fa-pencil"></i></a> <a href="<?php echo $order['delete']; ?>" id="button-delete<?php echo $order['order_id']; ?>" data-toggle="tooltip" title="<?php echo $button_delete; ?>" class="btn btn-danger"><i class="fa fa-trash-o"></i></a></td>
			]]></add>
		</operation>
		
	</file>
	
	<file path="catalog/controller/account/order.php">
		<operation error="skip">
			<search><![CDATA[$this->language->get('text_comment');]]></search>
			<add position="after"><![CDATA[
				$data['text_express_info'] = $this->language->get('text_express_info');
			]]></add>
		</operation>
		
	</file>
	
	<file path="catalog/language/english/account/order.php">
		<operation error="skip">
			<search><![CDATA[$_['text_comment']]]></search>
			<add position="after"><![CDATA[
				$_['text_express_info']              		  = 'Shipping Process Info';
			]]></add>
		</operation>
		
	</file>
	
	<file path="catalog/language/zh-CN/account/order.php">
		<operation error="skip">
			<search><![CDATA[$_['text_comment']]]></search>
			<add position="after"><![CDATA[
				$_['text_express_info']              		  = '快递单查询';
			]]></add>
		</operation>
		
	</file>
	
	<file path="catalog/language/zh-HK/account/order.php">
		<operation error="skip">
			<search><![CDATA[$_['text_comment']]]></search>
			<add position="after"><![CDATA[
				$_['text_express_info']              		  = '快遞單查詢';
			]]></add>
		</operation>
		
	</file>
	
	<file path="catalog/controller/account/order.php">
		
		
		<operation error="skip">
			<search><![CDATA[nl2br($order_info['comment']);]]></search>
			<add position="after"><![CDATA[
				//Express No
				$data['express_no'] = $order_info['express_no'];
				
				$data['express_company_id'] = $order_info['express_company_id'];
				
				if($order_info['express_company_id']) {
					
					$this->load->model('others/express_company');
					
					$express_company_info = $this->model_others_express_company->getExpressCompany($order_info['express_company_id']);
					
					if($express_company_info) {
					
						$data['express_company'] = $express_company_info['name'];
						$data['express_url'] = $express_company_info['url'];
					
					}else{
						
						$data['express_company'] = '';
						$data['express_url'] = '';
						
					}
				
				}else{
					
					$data['express_company'] = '';
					$data['express_url'] = '';	
					
				}
			]]></add>
		</operation>
		
	</file>
	
	<file path="catalog/model/account/order.php">
		<operation error="skip">
			<search><![CDATA[$order_query->row['email'],]]></search>
			<add position="after"><![CDATA[
				'express_company_id'       => $order_query->row['express_company_id'],
				'express_no'           => $order_query->row['express_no'],
			]]></add>
		</operation>
		
	</file>
	
	<file path="catalog/view/theme/default/template/account/order_info.tpl">
		<operation error="skip">
			<search><![CDATA[($histories)]]></search>
			<add position="before"><![CDATA[
				<?php if ($express_no && $express_url) { ?>
				  <h3><?php echo $text_express_info; ?></h3>
				  <div class="table-responsive">
				  <table class="table table-bordered table-hover">
					<thead>
					  <tr>
						<td class="text-left"><?php echo $column_express_company; ?></td>
						<td class="text-left"><?php echo $column_express_no; ?></td>
						<td class="text-left"><?php echo $column_express_url; ?></td>
					  </tr>
					</thead>
					<tbody>
					  
					  <tr>
						<td class="text-left"><?php echo $express_company; ?></td>
						<td class="text-left"><?php echo $express_no; ?></td>
						<td class="text-left"><a href="<?php echo $express_url; ?>" target="_blank"><?php echo $express_url; ?></a></td>
					  </tr>
					  
					</tbody>
				  </table>
				</div>
				  <?php } ?>
			]]></add>
		</operation>
		
	</file>
	
	

</modification>