<?xml version="1.0" encoding="UTF-8"?>
<modification>
	<name>OnePage Checkout</name>
	<version>v1.0</version>
	<code>OnePage Checkout</code>
	<author>Extensions Bazaar</author>
	<file path="catalog/controller/checkout/cart.php">
		<operation>
			<search><![CDATA[$this->document->setTitle($this->language->get('heading_title'));]]></search>
			<add position="after"><![CDATA[
		if($this->config->get('onepagecheckout_status')){
			$this->response->redirect($this->url->link('onepagecheckout/checkout'));
		}
			]]></add>
		</operation>
	</file>
	<file path="catalog/controller/checkout/checkout.php">
		<operation>
			<search><![CDATA[$this->cart->getProducts();]]></search>
			<add position="after"><![CDATA[
		if($this->config->get('onepagecheckout_status')){
			$this->response->redirect($this->url->link('onepagecheckout/checkout'));
		}
			]]></add>
		</operation>
	</file>
	<file path="admin/view/template/common/header.tpl">
		<operation>
			<search><![CDATA[<script type="text/javascript" src="view/javascript/jquery/jquery-2.1.1.min.js"></script>]]></search>
			<add position="after"><![CDATA[
			<script src="view/javascript/onepagecheckout/jquery-ui.js"></script>
			]]></add>
		</operation>
	</file>
</modification>