<modification>
	<name><![CDATA[<font color="#000000"><b>订单快递单号及查询</b></font>]]></name>
	<code>brunoect-express-for-orders</code>
	<version><![CDATA[<b>1.1.0</b>]]></version>
	<author><![CDATA[<font color="#CC0000"><b>杨兆锋,沙师弟,Bruno电商技术™</b></font>]]></author>
	<link><![CDATA[http://www.brunoxu.com/]]></link>

	<file path="admin/controller/common/menu.php">
		<operation error="skip">
			<search><![CDATA[$data['zone']]]></search>
			<add position="after"><![CDATA[
				$data['express_company'] = $this->url->link('others/express_company', 'token=' . $this->session->data['token'], true);
			]]></add>
		</operation>
		<operation error="skip">
			<search><![CDATA[$data['text_zone']]]></search>
			<add position="after"><![CDATA[
				$data['text_express_company'] = $this->language->get('text_express_company');
			]]></add>
		</operation>
	</file>

	<file path="admin/language/en-gb/common/menu.php">
		<operation error="skip">
			<search><![CDATA[$_['text_zone']]]></search>
			<add position="after"><![CDATA[
				$_['text_express_company']              = 'Express Companies';
			]]></add>
		</operation>
	</file>

	<file path="admin/language/zh-CN/common/menu.php">
		<operation error="skip">
			<search><![CDATA[$_['text_zone']]]></search>
			<add position="after"><![CDATA[
				$_['text_express_company']              = '快递公司';
			]]></add>
		</operation>
	</file>

	<file path="admin/language/zh-HK/common/menu.php">
		<operation error="skip">
			<search><![CDATA[$_['text_zone']]]></search>
			<add position="after"><![CDATA[
				$_['text_express_company']              = '快遞公司';
			]]></add>
		</operation>
	</file>

	<file path="admin/view/template/common/menu.tpl">
		<operation error="skip">
			<search><![CDATA[<li id="others">]]></search>
			<add position="after"><![CDATA[
				<ul>
				  <li><a href="<?php echo $express_company; ?>"><?php echo $text_express_company; ?></a></li>
				</ul>
				]]></add>
		</operation>
	</file>

	<!--已修改20151205-->
	<file path="admin/controller/sale/order.php">
		<operation error="skip">
			<search><![CDATA[public function add() {]]></search>
			<add position="before"><![CDATA[
			public function express() {
				$this->load->language('sale/order');

				$this->document->setTitle($this->language->get('heading_title'));

				$this->load->model('sale/order');

				if (($this->request->server['REQUEST_METHOD'] == 'POST') && $this->validateExpressForm()) {
					$this->model_sale_order->editOrderExpress($this->request->get['order_id'], $this->request->post);

					$this->session->data['success'] = $this->language->get('text_success');

					$url = '';

					if (isset($this->request->get['filter_order_id'])) {
						$url .= '&filter_order_id=' . $this->request->get['filter_order_id'];
					}

					if (isset($this->request->get['filter_customer'])) {
						$url .= '&filter_customer=' . urlencode(html_entity_decode($this->request->get['filter_customer'], ENT_QUOTES, 'UTF-8'));
					}

					if (isset($this->request->get['filter_order_status'])) {
						$url .= '&filter_order_status=' . $this->request->get['filter_order_status'];
					}

					if (isset($this->request->get['filter_total'])) {
						$url .= '&filter_total=' . $this->request->get['filter_total'];
					}

					if (isset($this->request->get['filter_date_added'])) {
						$url .= '&filter_date_added=' . $this->request->get['filter_date_added'];
					}

					if (isset($this->request->get['filter_date_modified'])) {
						$url .= '&filter_date_modified=' . $this->request->get['filter_date_modified'];
					}

					if (isset($this->request->get['sort'])) {
						$url .= '&sort=' . $this->request->get['sort'];
					}

					if (isset($this->request->get['order'])) {
						$url .= '&order=' . $this->request->get['order'];
					}

					if (isset($this->request->get['page'])) {
						$url .= '&page=' . $this->request->get['page'];
					}

					$this->response->redirect($this->url->link('sale/order', 'token=' . $this->session->data['token'] . $url, true));
				}
				
				$this->getExpressForm();
			}

			public function getExpressForm() {
				$data['heading_title'] = $this->language->get('heading_title');

				$data['text_form'] = $this->language->get('text_edit_express');
				$data['text_select'] = $this->language->get('text_select');

				$data['entry_express_company'] = $this->language->get('entry_express_company');
				$data['entry_express_no'] = $this->language->get('entry_express_no');

				$data['button_save'] = $this->language->get('button_save');
				$data['button_cancel'] = $this->language->get('button_cancel');
				$data['button_continue'] = $this->language->get('button_continue');
				$data['button_back'] = $this->language->get('button_back');

				$data['tab_general'] = $this->language->get('tab_general');

				$data['token'] = $this->session->data['token'];

				if (isset($this->error['express_company'])) {
					$data['error_express_company'] = $this->error['express_company'];
				} else {
					$data['error_express_company'] = '';
				}

				if (isset($this->error['express_no'])) {
					$data['error_express_no'] = $this->error['express_no'];
				} else {
					$data['error_express_no'] = '';
				}

				$url = '';

				if (isset($this->request->get['filter_order_id'])) {
					$url .= '&filter_order_id=' . $this->request->get['filter_order_id'];
				}

				if (isset($this->request->get['filter_customer'])) {
					$url .= '&filter_customer=' . urlencode(html_entity_decode($this->request->get['filter_customer'], ENT_QUOTES, 'UTF-8'));
				}

				if (isset($this->request->get['filter_order_status'])) {
					$url .= '&filter_order_status=' . $this->request->get['filter_order_status'];
				}

				if (isset($this->request->get['filter_total'])) {
					$url .= '&filter_total=' . $this->request->get['filter_total'];
				}

				if (isset($this->request->get['filter_date_added'])) {
					$url .= '&filter_date_added=' . $this->request->get['filter_date_added'];
				}

				if (isset($this->request->get['filter_date_modified'])) {
					$url .= '&filter_date_modified=' . $this->request->get['filter_date_modified'];
				}

				if (isset($this->request->get['sort'])) {
					$url .= '&sort=' . $this->request->get['sort'];
				}

				if (isset($this->request->get['order'])) {
					$url .= '&order=' . $this->request->get['order'];
				}

				if (isset($this->request->get['page'])) {
					$url .= '&page=' . $this->request->get['page'];
				}

				$data['breadcrumbs'] = array();

				$data['breadcrumbs'][] = array(
					'text' => $this->language->get('text_home'),
					'href' => $this->url->link('common/dashboard', 'token=' . $this->session->data['token'], true)
				);

				$data['breadcrumbs'][] = array(
					'text' => $this->language->get('heading_title'),
					'href' => $this->url->link('sale/order', 'token=' . $this->session->data['token'] . $url, true)
				);

				$data['action'] = $this->url->link('sale/order/express', 'token=' . $this->session->data['token'] . '&order_id=' . $this->request->get['order_id'] . $url, true);

				$data['cancel'] = $this->url->link('sale/order', 'token=' . $this->session->data['token'] . $url, true);

				if (isset($this->request->get['order_id']) && ($this->request->server['REQUEST_METHOD'] != 'POST')) {
					$order_info = $this->model_sale_order->getOrder($this->request->get['order_id']);
				}

				
				if (isset($this->request->post['express_company_id'])) {
					$data['express_company_id'] = $this->request->post['express_company_id'];
				}  elseif (!empty($order_info)) {
					$data['express_company_id'] = $order_info['express_company_id'];
				} else {
					$data['express_company_id'] = '';
				}

				if (isset($this->request->post['express_no'])) {
					$data['express_no'] = $this->request->post['express_no'];
				} elseif (!empty($order_info)) {
					$data['express_no'] = $order_info['express_no'];
				} else {
					$data['express_no'] = '';
				}

				$this->load->model('others/express_company');

				$data['express_companies'] = $this->model_others_express_company->getExpressCompanies();

				$data['header'] = $this->load->controller('common/header');
				$data['column_left'] = $this->load->controller('common/column_left');
				$data['footer'] = $this->load->controller('common/footer');

				$this->response->setOutput($this->load->view('sale/order_express.tpl', $data));
			}

			protected function validateExpressForm() {

				if ($this->request->post['express_company_id'] == '') {
					$this->error['express_company'] = $this->language->get('error_express_company');
				}
				
				if (trim($this->request->post['express_no']) == '') {
					$this->error['express_no'] = $this->language->get('error_express_no');
				}

				return !$this->error;
			}
			]]></add>
		</operation>
		<operation error="skip">
			<search><![CDATA[$data['button_view']]]></search>
			<add position="after"><![CDATA[
				$data['button_express'] = $this->language->get('button_express');
			]]></add>
		</operation>
	</file>

	<file path="admin/model/sale/order.php">
		<operation error="skip">
			<search><![CDATA[public function getTotalEmailsByProductsOrdered($products) {]]></search>
			<add position="before"><![CDATA[
				public function editOrderExpress($order_id, $data = array()) {
					$query = $this->db->query("UPDATE `" . DB_PREFIX . "order` SET express_company_id = '" . (int)$data['express_company_id'] . "', express_no = '" . $this->db->escape($data['express_no']). "' WHERE order_id = '" . (int)$order_id . "'");
				}
			]]></add>
		</operation>
	</file>

	<file path="admin/language/en-gb/sale/order.php">
		<operation error="skip">
			<search><![CDATA[text_history]]></search>
			<add position="after"><![CDATA[
				$_['text_edit_express']                     = 'Edit Order Express Info';
			]]></add>
		</operation>
		<operation error="skip">
			<search><![CDATA[entry_date_modified]]></search>
			<add position="after"><![CDATA[
				$_['entry_express_company']                    = 'Express Company';
				$_['entry_express_no']                     = 'Express Number';
			]]></add>
		</operation>
		<operation error="skip">
			<search><![CDATA[error_warning]]></search>
			<add position="after"><![CDATA[
				$_['error_express_company']                    = 'Express Company required!';
				$_['error_express_no']                     = 'Express Number required!';
			]]></add>
		</operation>
	</file>

	<file path="admin/language/zh-CN/sale/order.php">
		<operation error="skip">
			<search><![CDATA[text_history]]></search>
			<add position="after"><![CDATA[
				$_['text_edit_express']                     = '编辑订单快递信息';
			]]></add>
		</operation>
		<operation error="skip">
			<search><![CDATA[entry_date_modified]]></search>
			<add position="after"><![CDATA[
				$_['entry_express_company']                    = '快递公司';
				$_['entry_express_no']                     = '快递单号';
			]]></add>
		</operation>
		<operation error="skip">
			<search><![CDATA[error_warning]]></search>
			<add position="after"><![CDATA[
				$_['error_express_company']                    = '快递公司必选！';
				$_['error_express_no']                     = '快递单号必填！';
			]]></add>
		</operation>
	</file>

	<file path="admin/language/zh-HK/sale/order.php">
		<operation error="skip">
			<search><![CDATA[text_history]]></search>
			<add position="after"><![CDATA[
				$_['text_edit_express']                     = '編輯訂單快遞信息';
			]]></add>
		</operation>
		<operation error="skip">
			<search><![CDATA[entry_date_modified]]></search>
			<add position="after"><![CDATA[
				$_['entry_express_company']                    = '快遞公司';
				$_['entry_express_no']                     = '快遞單號';
			]]></add>
		</operation>
		<operation error="skip">
			<search><![CDATA[error_warning]]></search>
			<add position="after"><![CDATA[
				$_['error_express_company']                    = '快遞公司必選！';
				$_['error_express_no']                     = '快遞單號必填！';
			]]></add>
		</operation>
	</file>

	<file path="admin/language/en-gb/default.php">
		<operation error="skip">
			<search><![CDATA[button_currency]]></search>
			<add position="after"><![CDATA[
				$_['button_express']              		  = 'Edit Express Info';
			]]></add>
		</operation>
	</file>

	<file path="admin/language/zh-CN/default.php">
		<operation error="skip">
			<search><![CDATA[button_currency]]></search>
			<add position="after"><![CDATA[
				$_['button_express']              		  = '编辑快递信息';
			]]></add>
		</operation>
	</file>

	<file path="admin/language/zh-HK/default.php">
		<operation error="skip">
			<search><![CDATA[button_currency]]></search>
			<add position="after"><![CDATA[
				$_['button_express']              		  = '編輯快遞信息';
			]]></add>
		</operation>
	</file>

	<file path="admin/model/sale/order.php">
		<operation error="skip">
			<search><![CDATA[$order_query->row['email'],]]></search>
			<add position="after"><![CDATA[
				'express_company_id'       => $order_query->row['express_company_id'],
				'express_no'           => $order_query->row['express_no'],
			]]></add>
		</operation>
	</file>

	<file path="admin/controller/sale/order.php">
		<operation error="skip">
			<search><![CDATA[$this->url->link('sale/order/info', 'token=' . $this->session->data['token'] . '&order_id=' . $result['order_id'] . $url, true)]]></search>
			<add position="after"><![CDATA[
				'express'     => $this->url->link('sale/order/express', 'token=' . $this->session->data['token'] . '&order_id=' . $result['order_id'] . $url, true),
			]]></add>
		</operation>
	</file>

	<!--已修改20151203-->
	<file path="admin/view/template/sale/order_list.tpl">
		<operation>
			<search><![CDATA[<a href="<?php echo $order['view']; ?>" data-toggle="tooltip" title="<?php echo $button_view; ?>" class="btn btn-info"><i class="fa fa-eye"></i></a>]]></search>
			<add position="replace"><![CDATA[
				<a href="<?php echo $order['view']; ?>" data-toggle="tooltip" title="<?php echo $button_view; ?>" class="btn btn-info"><i class="fa fa-eye"></i></a> <a href="<?php echo $order['express']; ?>" data-toggle="tooltip" title="<?php echo $button_express; ?>" class="btn btn-info"><i class="fa fa-truck"></i></a> 
			]]></add>
		</operation>
	</file>

	<file path="catalog/controller/account/order.php">
		<operation error="skip">
			<search><![CDATA[$this->language->get('text_comment');]]></search>
			<add position="after"><![CDATA[
				$data['text_express_info'] = $this->language->get('text_express_info');
			]]></add>
		</operation>
	</file>

	<file path="catalog/language/en-gb/account/order.php">
		<operation error="skip">
			<search><![CDATA[$_['text_comment']]]></search>
			<add position="after"><![CDATA[
				$_['text_express_info']              		  = 'Shipping Process Info';
			]]></add>
		</operation>
	</file>

	<file path="catalog/language/zh-CN/account/order.php">
		<operation error="skip">
			<search><![CDATA[$_['text_comment']]]></search>
			<add position="after"><![CDATA[
				$_['text_express_info']              		  = '快递单查询';
			]]></add>
		</operation>
	</file>

	<file path="catalog/language/zh-HK/account/order.php">
		<operation error="skip">
			<search><![CDATA[$_['text_comment']]]></search>
			<add position="after"><![CDATA[
				$_['text_express_info']              		  = '快遞單查詢';
			]]></add>
		</operation>
	</file>

	<file path="catalog/controller/account/order.php">
		<operation error="skip">
			<search><![CDATA[nl2br($order_info['comment']);]]></search>
			<add position="after"><![CDATA[
				//Express No
				$data['express_no'] = $order_info['express_no'];

				$data['express_company_id'] = $order_info['express_company_id'];

				if($order_info['express_company_id']) {
					$this->load->model('others/express_company');

					$express_company_info = $this->model_others_express_company->getExpressCompany($order_info['express_company_id']);

					if($express_company_info) {
						$data['express_company'] = $express_company_info['name'];
						$data['express_code'] = $express_company_info['code'];
					} else {
						$data['express_company'] = '';
						$data['express_code'] = '';
					}
				}else{
					$data['express_company'] = '';
					$data['express_code'] = '';
				}
			]]></add>
		</operation>

		<operation error="skip">
			<search><![CDATA[public function reorder() {]]></search>
			<add position="before"><![CDATA[
				public function getkuaidi(){
					$type =$_GET['type'];
					$postid =$_GET['postid'];
					$url='http://www.kuaidi100.com/query?id=1&type='.$type.'&postid='.$postid.'&valicode=&temp=';
					$curl = curl_init();
					curl_setopt ($curl, CURLOPT_URL, $url);
					curl_setopt ($curl, CURLOPT_HEADER,0);
					curl_setopt ($curl, CURLOPT_RETURNTRANSFER, 1);
					curl_setopt ($curl, CURLOPT_USERAGENT,$_SERVER['HTTP_USER_AGENT']);
					curl_setopt ($curl, CURLOPT_TIMEOUT,5);
					$get_content = curl_exec($curl);
					curl_close ($curl);
					$this->response->addHeader('Content-Type: application/json');
					$this->response->setOutput(json_encode($get_content));
				}
			]]></add>
		</operation>
	</file>

	<file path="catalog/model/account/order.php">
		<operation error="skip">
			<search><![CDATA[$order_query->row['email'],]]></search>
			<add position="after"><![CDATA[
				'express_company_id'       => $order_query->row['express_company_id'],
				'express_no'           => $order_query->row['express_no'],
			]]></add>
		</operation>
	</file>

	<file path="catalog/view/theme/*/template/account/order_info.tpl">
		<operation error="skip">
			<search><![CDATA[<h3><?php echo $text_history; ?></h3>]]></search>
			<add position="before"><![CDATA[
				<?php if ($express_no) { ?>
				 <h3><?php echo $text_express_info; ?></h3>
				  <div class="table-responsive">
					 <style type="text/css">
				  	.bluebg {background: #64AADB;border: #75C2EF 1px solid;height: 28px;line-height: 28px;color: #FFFFFF;font-weight: bold;}
					.divpaging {font-size: 12px;line-height: 16px;text-align: center;vertical-align: middle;}
					.fr {float: right;}
					.lastTag {margin-left: 5px;display: inline-block;width: 22px;height: 9px;background: url("http://cdn.kuaidi100.com/images/frame/app/synastry_pics.gif") -251px -49px no-repeat;vertical-align: top;}
					.fontorange { color: #FF6600;}
					.divpaging a { float: left }
					.divpaging span { float: left }
					.divpaging .divpaging-a-number1 { border: #cee3f2 1px solid; padding: 1px 6px 1px 6px; color: #2477b3;  }
					.divpaging .divpaging-a-number1:hover { border: #fd6d01 1px solid; padding: 1px 6px 1px 6px; color: #fd6d01; }
					.divpaging .divpaging-a-number2 { border: none; padding: 2px 7px 2px 7px; color: #e63922;  font-weight: bold }
					.divpaging .divpaging-a-number3 { border: #2477b3 1px solid; background: #2477b3; padding: 1px 6px 1px 6px; color: #ffffff; }
					.divpaging .divpaging-a-number3:hover { border: #fd6d01 1px solid; background: #ffffff; padding: 1px 6px 1px 6px; color: #fd6d01; }	  	
				  </style>
				  <div class="table-responsive">
					<table class="table table-bordered table-hover" id="showtablecontext">
						<tr>
							<td  class="bluebg">快递公司：<?php echo $express_company; ?></td>
							<td  class="bluebg"">运单号：<?php echo $express_no; ?></td>
						</tr>
			            <tr>
			              <td width="27%" style="font-weight: bold;">时间</td>
			              <td width="73%" style="font-weight: bold;">地点和跟踪进度</td>
			            </tr>
			            <tr>
							<td colspan="2"  ><span class="fontorange">正在查询中...</span></td>
						</tr>
			          </table>
				</div>
				 <div class="divpaging fr" id="fenye"></div>
				 </div>
				  <?php } ?>
			]]></add>
		</operation>
	</file>

	<file path="catalog/view/theme/*/template/account/order_info.tpl">
		<operation error="skip">
			<search><![CDATA[<?php echo $footer; ?>]]></search>
			<add position="before"><![CDATA[
				<?php if($express_no) { ?>
				<script type="text/javascript"><!--
				var gQueryType=1;//查询类型，12为智慧记
				var type="<?php echo $express_code;?>";
				var postid="<?php echo $express_no; ?>";
				var valicode;
				var isvalide;
				var gCheckStr;
				var gCheckInfo;
				var comobj;
				var havereturn=false; 
				var statuscode=0;
				var req;
				var ischoose=false;
				var gIsCheck;
				var returnjson;
				var returnjson_up =  [];
				var returnjson_down = [];
				var gSortStatus = 0;
				var queryurl = '';
				var isavailable = 1;

					$.ajax({
								url: 'index.php?route=account/order/getkuaidi&type='+type+'&postid='+postid,
								type: 'GET',
								dataType: 'json',
								beforeSend: function() {
									havereturn=false;
								},
								success: function(json) {
									complete(json);
								},
								error: function(xhr, ajaxOptions, thrownError) {
											var table=document.getElementById("showtablecontext");
											table.deleteRow(2);
											var newTr = table.insertRow(2);
											var newTd0 = newTr.insertCell(-1);
											var newSpan = document.createElement("span");
											newSpan.innerHTML =json.message;
											newSpan.className="fontorange";
											newTd0.colSpan="2";
											newTd0.appendChild(newSpan);
								}
							});

				function complete(resultcontext){
							returnjson=null;
							if(!havereturn){
								var json=eval("("+resultcontext+")");
								statuscode=json.status;
								var table=document.getElementById("showtablecontext");
								gIsCheck = 0;
								if(json.status==200){
									gIsCheck = json.ischeck;
									returnjson=json;
									returnjson_up = [];
									returnjson_down = [];
									for(var i in json.data){
										returnjson_up[i] = returnjson.data[i];
										returnjson_down[i] = returnjson.data[i];
									}
									for(var i = 0;i < returnjson_down.length/2;i++){
										var tmp = returnjson_down[i];
										returnjson_down[i] = returnjson_down[returnjson_down.length - i - 1];
										returnjson_down[returnjson_down.length - i - 1] = tmp;
									}
									var data=json.data;
									totalcount=data.length;
									currentpage=1;
									fenye(currentpage);
								}else if(json.status==201){
											table.deleteRow(2);
											var newTr = table.insertRow(2);
											var newTd0 = newTr.insertCell(-1);
											var newSpan = document.createElement("span");
											newSpan.innerHTML =json.message;
											newSpan.className="fontorange";
											newTd0.colSpan="2";
											newTd0.appendChild(newSpan);

								}else if(json.status==400){
											table.deleteRow(2);
											var newTr = table.insertRow(2);
											var newTd0 = newTr.insertCell(-1);
											var newSpan = document.createElement("span");
											newSpan.innerHTML =json.message;
											newSpan.className="fontorange";
											newTd0.colSpan="2";
											newTd0.appendChild(newSpan);
								}
				}
				}
				function GetQueryString(name){
				  var reg=new RegExp("(^|&)"+name+"=([^&]*)(&|$)","i");
				  var r=window.location.search.substr(1).match(reg);
				  if(r!=null) return unescape(r[2]);return null;
				}

				function fenye(currentpage){
				  var json=returnjson;
				  if(json==null){
					return;
				  }
				  var data=json.data;
				  var obj=json;
				  var pagecount=0;
				  var pagesize=6;
				  var totalcount=data.length;
				  if((totalcount%pagesize)==0){
					pagecount= parseInt(totalcount/pagesize);
				  }else {
					pagecount=parseInt(totalcount/pagesize) +1; 
				  }
				  var data=json.data;
				  var height_table=0;
				  var table=document.getElementById("showtablecontext");
				  while (table.rows.length>2){
					table.deleteRow(2);
				  }
				  for(var i = (currentpage-1)*pagesize; i < currentpage * pagesize; i ++){
					if(i>(totalcount-1) ) break;

					var newTr = table.insertRow(-1);
					var newTd0 = newTr.insertCell(-1);
					var newTd1 = newTr.insertCell(-1);
					var newSpan = document.createElement("span");
					
					newSpan.innerHTML = data[i].context;
					newSpan.title = data[i].context;

					
					newTd0.innerHTML = data[i].time;
					newTd1.appendChild(newSpan);
					
					var order = GetQueryString("order");
					if(order != null && order == "asc"){
						if(gSortStatus == 1 && i == 0){
							newTd0.className="nobg c-g-a fontorange";
							newTd1.className="nobg c-g-b fontorange";
							newSpan.innerHTML += '<span class="lastTag"></span>';
						}else if(gSortStatus == 0 && i == totalcount-1){
							newTd0.className="nobg c-g-a fontorange";
							newTd1.className="nobg c-g-b fontorange";
							newSpan.innerHTML += '<span class="lastTag"></span>';
						}else{
							newTd0.className="nobg c-g-a";
							newTd1.className="nobg c-g-b";
						}
					}else{
						if(gSortStatus == 0 && i == 0){
							newTd0.className="nobg c-g-a fontorange";
							newTd1.className="nobg c-g-b fontorange";
							newSpan.innerHTML += '<span class="lastTag"></span>';
						}else if(gSortStatus == 1 && i == totalcount-1){
							newTd0.className="nobg c-g-a fontorange";
							newTd1.className="nobg c-g-b fontorange";
							newSpan.innerHTML += '<span class="lastTag"></span>';
						}else{
							newTd0.className="nobg c-g-a";
							newTd1.className="nobg c-g-b";
						}
					}
				  }
				  var sbufferContext="";
				  if(pagecount==1){
					$("fenye").innerHTML=sbufferContext;
					return;
				  }else{
				  
				  }
				  var list="";
				  if(pagecount<=5){
					for(var i=1;i<=pagecount;i++){
					  if(i==currentpage){
						list+="<a href='javascript:void(0)' class='divpaging-a-number2' >"+i+"</a>";
					  }else{
						list+="<a href='javascript:void(0)' class='divpaging-a-number1' onclick='fenye("+i+")'>"+i+"</a>";
					  }
					}
				  }else if(pagecount>5){
					if(currentpage<=3){
					  for(var i=1;i<=5;i++){
						if(i==currentpage){
						  list+="<a href='javascript:void(0)' class='divpaging-a-number2' >"+i+"</a>";
						}else{
						  list+="<a href='javascript:void(0)' class='divpaging-a-number1' onclick='fenye("+i+")'>"+i+"</a>";
						}
					  }
					  list+="<span class='divpaging-span2'>...</span>";
					  list+="<a href='javascript:void(0)' class='divpaging-a-number1' onclick='fenye("+pagecount+")' >"+pagecount+"</a>";
					}else if(currentpage<=pagecount-4){
					  list+="<a href='javascript:void(0)' class='divpaging-a-number1' onclick='fenye(1)' >1</a>";
					  list+="<span class='divpaging-span2'>...</span>";
					  for (var i=currentpage-2; i <= currentpage+2; i++){
						if(i ==currentpage){
						  list+="<a href='javascript:void(0)' class='divpaging-a-number2' >"+i+"</a>";
						}else{
						  list+="<a href='javascript:void(0)' class='divpaging-a-number1' onclick='fenye("+i+")'>"+i+"</a>";
						}
					  }
					  list+="<span class='divpaging-span2'>...</span>";
					  list+="<a href='javascript:void(0)' class='divpaging-a-number1' onclick='fenye("+pagecount+")' >"+pagecount+"</a>";
					}else if(currentpage>pagecount-4){
					  list+="<a href='javascript:void(0)' class='divpaging-a-number1' onclick='fenye(1)' >1</a>";
					  list+="<span class='divpaging-span2'>...</span>";
					  for(var i=pagecount-4;i<=pagecount;i++){
						if(i==currentpage){
						  list+="<a href='javascript:void(0)' class='divpaging-a-number2' >"+i+"</a>";
						}else{
						  list+="<a href='javascript:void(0)' class='divpaging-a-number1' onclick='fenye("+i+")'>"+i+"</a>";
						}
					  }
					}
				  }
				  document.getElementById("fenye").innerHTML=list.toString();
				}
				//--></script> 
				<?php } ?>
			]]></add>
		</operation>
	</file>	
</modification>
