<modification>
	<name>Green Inventory 1.0</name>
	<version>1.0</version>
	<link>http://gresys.com</link>
	<author>Green Systems</author>
	<code>green_inventory_ocmod</code>
	<file path="admin/view/template/common/header.tpl">
		<operation>
			<search><![CDATA[<script type="text/javascript" src="view/javascript/bootstrap/js/bootstrap.min.js"></script>]]></search>
			<add position="before"><![CDATA[<script type="text/javascript" src="view/javascript/verify.notify.min.js"></script>]]></add>
		</operation>
	</file>
	<file path="admin/language/*/common/menu.php">
		<operation>
			<search><![CDATA[$_['text_affiliate']]]></search>
			<add position="before"><![CDATA[
$_['reports']                          = "Reports";
$_['received_orders']                  = "Received Orders";
$_['pending_orders']                   = "Pending Orders";

$_['returns_text']                     = "Purchase Returns";
$_['chart_text']					   = "Charts";
$_['purchase_chart_text']              = "Purchase Comparison";
$_['dead_chart_text']                  = "Dead Comparison";
$_['sale_chart_text']				   = "Sale Comparison";
$_['stock_report_text']                = "Stock";
$_['stock_inout_text']                 = "Stock inout Report";
$_['dead_products_text']               = "Dead Products";
$_['best_products_text']			   = "Best Products"; 

$_['sale_offer_text'] 				   = "Sale Offer";
			]]></add>
		</operation>
	</file>
	<file path="admin/controller/common/menu.php">
		<operation>
			<search><![CDATA[$data['text_affiliate'] = $this->language->get('text_affiliate');]]></search>
			<add position="before"><![CDATA[$data['reports_text'] = $this->language->get('reports');
		$data['received_orders_text'] = $this->language->get('received_orders');
		$data['pending_orders_text'] = $this->language->get('pending_orders');
		$data['returns_text'] = $this->language->get('returns_text');
		$data['chart_text'] = $this->language->get('chart_text');
		$data['purchase_chart_text'] = $this->language->get('purchase_chart_text');
		$data['sale_chart_text'] = $this->language->get('sale_chart_text');
		$data['dead_chart_text'] = $this->language->get('dead_chart_text');
		$data['stock_report_text'] = $this->language->get('stock_report_text');
		$data['stock_inout_text'] = $this->language->get('stock_inout_text');
		$data['dead_products_text'] = $this->language->get('dead_products_text');
		$data['best_products_text'] = $this->language->get('best_products_text');
		$data['sale_offer_text'] = $this->language->get('sale_offer_text');
			]]></add>
		</operation>
		
		<operation>
			<search><![CDATA[$data['text_openbay_order_import'] = $this->language->get('text_openbay_order_import');]]></search>
			<add position="after"><![CDATA[$data['purchase_order'] = $this->url->link('purchase/purchase_order', 'token=' . $this->session->data['token'],true);
		$data['supplier'] = $this->url->link('purchase/supplier', 'token=' . $this->session->data['token'],true);
		$data['supplier_group'] = $this->url->link('purchase/supplier_group', 'token=' . $this->session->data['token'],true);
		$data['received_orders'] = $this->url->link('purchase/received_orders','token=' . $this->session->data['token'],true);
		$data['pending_orders'] = $this->url->link('purchase/pending_orders','token=' . $this->session->data['token'],true);
		$data['return_orders'] = $this->url->link('purchase/return_orders','token=' . $this->session->data['token'],true);
		$data['purchase_chart'] = $this->url->link('purchase/chart/purchase_chart', 'token=' . $this->session->data['token'],true);
		$data['sale_chart'] = $this->url->link('purchase/chart', 'token=' . $this->session->data['token'],true);
		$data['dead_chart'] = $this->url->link('purchase/chart/dead_chart', 'token=' . $this->session->data['token'],true);
		
		$data['stock_report'] = $this->url->link('purchase/stock_report', 'token=' . $this->session->data['token'],true);
		$data['stock_inout'] = $this->url->link('purchase/stock_report/stock_inout', 'token=' . $this->session->data['token'],true);
		$data['dead_products'] = $this->url->link('purchase/stock_report/dead_products', 'token=' . $this->session->data['token'],true);
		$data['best_products'] = $this->url->link('purchase/stock_report/best_products', 'token=' . $this->session->data['token'],true);
		
		$data['sale_offer'] = $this->url->link('purchase/sale_offer', 'token=' . $this->session->data['token'],true);
		]]></add>
		</operation>
	</file>
	<file path="admin/view/template/common/menu.tpl">
		<operation>
			<search><![CDATA[<li><a class="parent"><i class="fa fa-share-alt fa-fw"></i> <span><?php echo $text_marketing; ?></span></a>]]></search>
			<add position="before"><![CDATA[<li id="inventory"><a class="parent"><i class="fa fa-pencil-square-o  fa-fw"></i> <span><?php echo "Inventory"; ?></span></a>
    <ul>
      <li><a href="<?php echo $purchase_order; ?>"><?php echo "Purchase Orders"; ?></a></li>
	  <li><a href="<?php echo $return_orders; ?>"><?php echo $returns_text; ?></a></li>
	  <li id="supplier"><a class="parent"><span><?php echo "Supplier"; ?></span></a>
		<ul>
			<li><a href="<?php echo $supplier; ?>"><?php echo "Supplier"; ?></a></li>
			<li><a href="<?php echo $supplier_group; ?>"><?php echo "Supplier Group"; ?></a></li>
		</ul>
	   </li>
	   <li id="supplier"><a class="parent"><span><?php echo $reports_text; ?></span></a>
		<ul>
			<li><a href="<?php echo $received_orders; ?>"><?php echo $received_orders_text; ?></a></li>
			<li><a href="<?php echo $pending_orders; ?>"><?php echo $pending_orders_text; ?></a></li>
			<li><a href="<?php echo $stock_report; ?>"><?php echo $stock_report_text; ?></a></li>
			<li><a href="<?php echo $stock_inout; ?>"><?php echo $stock_inout_text; ?></a></li>
			<!--<li><a href="<?php echo $dead_products; ?>"><?php echo $dead_products_text; ?></a></li>
			<li><a href="<?php echo $best_products; ?>"><?php echo $best_products_text; ?></a></li>-->
		</ul>
	   </li>
	   <li id ="chart"><a class="parent"><span><?php echo $chart_text; ?></span></a>
		   <ul>
				<li><a href="<?php echo $purchase_chart; ?>"><?php echo $purchase_chart_text; ?></a></li>
				<li><a href="<?php echo $sale_chart; ?>"><?php echo $sale_chart_text; ?></a></li>
				<!--<li><a href="<?php echo $dead_chart; ?>"><?php echo $dead_chart_text; ?></a></li>-->
			</ul>
	   </li>
	  <!--<li><a href="<?php echo $sale_offer; ?>"><?php echo $sale_offer_text; ?></a></li>-->
	   
	</ul>
	
  </li>]]></add>
		</operation>
	</file>
</modification>